{"cameraMode":{"drawMode":0,"name":"Shaded","section":"Shading Mode"},"sceneLighting":false,"audioPlay":false,"sceneViewState":{"showFog":true,"showMaterialUpdate":false,"showSkybox":true,"showFlares":true,"showImageEffects":true,"showParticleSystems":true},"in2DMode":false,"pivot":{"x":250.4912567138672,"y":11.641056060791016,"z":263.9649353027344},"rotation":{"x":-0.4843510091304779,"y":0.022826608270406724,"z":-0.012643098831176758,"w":-0.8744853734970093},"size":51.046329498291019,"orthographic":false}