{"cameraMode":{"drawMode":0,"name":"Shaded","section":"Shading Mode"},"sceneLighting":false,"audioPlay":false,"sceneViewState":{"showFog":true,"showMaterialUpdate":false,"showSkybox":false,"showFlares":true,"showImageEffects":true,"showParticleSystems":true},"in2DMode":false,"pivot":{"x":-0.018921256065368654,"y":1.163264274597168,"z":-0.03764533996582031},"rotation":{"x":-0.21641476452350617,"y":0.2646836042404175,"z":-0.061083629727363589,"w":-0.9377522468566895},"size":5.260519027709961,"orthographic":false}