{"cameraMode":{"drawMode":0,"name":"Shaded","section":"Shading Mode"},"sceneLighting":false,"audioPlay":false,"sceneViewState":{"showFog":true,"showMaterialUpdate":false,"showSkybox":false,"showFlares":true,"showImageEffects":true,"showParticleSystems":true},"in2DMode":false,"pivot":{"x":365.24212646484377,"y":5.31738805770874,"z":275.80157470703127},"rotation":{"x":0.4948475658893585,"y":-0.07670625299215317,"z":0.04390870779752731,"w":0.864473283290863},"size":35.84095001220703,"orthographic":false}