{"cameraMode":{"drawMode":0,"name":"Shaded","section":"Shading Mode"},"sceneLighting":false,"audioPlay":false,"sceneViewState":{"showFog":true,"showMaterialUpdate":false,"showSkybox":false,"showFlares":true,"showImageEffects":true,"showParticleSystems":true},"in2DMode":false,"pivot":{"x":-0.1362161636352539,"y":0.1401057243347168,"z":1.679795742034912},"rotation":{"x":0.3085377514362335,"y":-0.14134791493415833,"z":0.05377328395843506,"w":0.9391137361526489},"size":10.503929138183594,"orthographic":false}