{"cameraMode":{"drawMode":0,"name":"Shaded","section":"Shading Mode"},"sceneLighting":false,"audioPlay":false,"sceneViewState":{"showFog":true,"showMaterialUpdate":false,"showSkybox":false,"showFlares":true,"showImageEffects":true,"showParticleSystems":true},"in2DMode":false,"pivot":{"x":-0.28938353061676028,"y":-1.1685404777526856,"z":0.11008167266845703},"rotation":{"x":0.35729092359542849,"y":-0.11764094233512879,"z":0.05288400873541832,"w":0.9250453114509583},"size":29.18828010559082,"orthographic":false}