{"cameraMode":{"drawMode":0,"name":"Shaded","section":"Shading Mode"},"sceneLighting":false,"audioPlay":false,"sceneViewState":{"showFog":true,"showMaterialUpdate":false,"showSkybox":false,"showFlares":true,"showImageEffects":true,"showParticleSystems":true},"in2DMode":false,"pivot":{"x":0.7062678337097168,"y":-0.32863450050354006,"z":0.4491264820098877},"rotation":{"x":0.2794365882873535,"y":-0.4475328028202057,"z":0.1495504379272461,"w":0.8362202644348145},"size":8.754220962524414,"orthographic":false}