{"cameraMode":{"drawMode":0,"name":"Shaded","section":"Shading Mode"},"sceneLighting":true,"audioPlay":false,"sceneViewState":{"showFog":true,"showMaterialUpdate":false,"showSkybox":false,"showFlares":true,"showImageEffects":true,"showParticleSystems":true},"in2DMode":false,"pivot":{"x":-4.595417499542236,"y":-6.860978126525879,"z":19.583749771118165},"rotation":{"x":0.17475999891757966,"y":-0.12018539011478424,"z":0.02149776555597782,"w":0.9770121574401856},"size":37.98637390136719,"orthographic":false}