{"cameraMode":{"drawMode":0,"name":"Shaded","section":"Shading Mode"},"sceneLighting":false,"audioPlay":false,"sceneViewState":{"showFog":true,"showMaterialUpdate":false,"showSkybox":false,"showFlares":true,"showImageEffects":true,"showParticleSystems":true},"in2DMode":false,"pivot":{"x":317.4172058105469,"y":0.42245054244995119,"z":268.1902160644531},"rotation":{"x":0.4727073013782501,"y":-0.07648557424545288,"z":0.04122960940003395,"w":0.8769251704216003},"size":7.202239513397217,"orthographic":false}