{"cameraMode":{"drawMode":0,"name":"Shaded","section":"Shading Mode"},"sceneLighting":true,"audioPlay":false,"sceneViewState":{"showFog":true,"showMaterialUpdate":false,"showSkybox":false,"showFlares":true,"showImageEffects":true,"showParticleSystems":true},"in2DMode":false,"pivot":{"x":0.13500213623046876,"y":2.970001220703125,"z":0.0449981689453125},"rotation":{"x":-0.5072759389877319,"y":0.09704002737998963,"z":-0.05761731043457985,"w":-0.8543622493743897},"size":6.165964603424072,"orthographic":false}