{"cameraMode":{"drawMode":0,"name":"Shaded","section":"Shading Mode"},"sceneLighting":false,"audioPlay":false,"sceneViewState":{"showFog":true,"showMaterialUpdate":false,"showSkybox":false,"showFlares":true,"showImageEffects":true,"showParticleSystems":true},"in2DMode":false,"pivot":{"x":-0.23734188079833985,"y":1.1075477600097657,"z":-1.5346736907958985},"rotation":{"x":0.4492083787918091,"y":-0.11864716559648514,"z":0.06032814085483551,"w":0.8834563493728638},"size":44.49215316772461,"orthographic":false}