{"cameraMode":{"drawMode":0,"name":"Shaded","section":"Shading Mode"},"sceneLighting":false,"audioPlay":false,"sceneViewState":{"showFog":true,"showMaterialUpdate":false,"showSkybox":false,"showFlares":true,"showImageEffects":true,"showParticleSystems":true},"in2DMode":false,"pivot":{"x":-0.4517388343811035,"y":-0.3346595764160156,"z":2.38641357421875},"rotation":{"x":0.2945650517940521,"y":-0.09393369406461716,"z":0.056606534868478778,"w":0.9493173360824585},"size":31.563396453857423,"orthographic":false}