{"cameraMode":{"drawMode":0,"name":"Shaded","section":"Shading Mode"},"sceneLighting":true,"audioPlay":false,"sceneViewState":{"showFog":true,"showMaterialUpdate":false,"showSkybox":false,"showFlares":true,"showImageEffects":true,"showParticleSystems":true},"in2DMode":false,"pivot":{"x":-0.42040014266967776,"y":4.780666351318359,"z":2.2163543701171877},"rotation":{"x":-0.39237073063850405,"y":0.048803769052028659,"z":-0.020853450521826745,"w":-0.9182748794555664},"size":53.96367645263672,"orthographic":false}