{"cameraMode":{"drawMode":0,"name":"Shaded","section":"Shading Mode"},"sceneLighting":false,"audioPlay":false,"sceneViewState":{"showFog":true,"showMaterialUpdate":false,"showSkybox":false,"showFlares":true,"showImageEffects":true,"showParticleSystems":true},"in2DMode":false,"pivot":{"x":-0.21839678287506104,"y":1.920767903327942,"z":0.16320735216140748},"rotation":{"x":0.29264992475509646,"y":-0.004302970599383116,"z":0.0013169334270060063,"w":0.9562090635299683},"size":16.541399002075197,"orthographic":false}