{"cameraMode":{"drawMode":0,"name":"Shaded","section":"Shading Mode"},"sceneLighting":true,"audioPlay":false,"sceneViewState":{"showFog":true,"showMaterialUpdate":false,"showSkybox":false,"showFlares":true,"showImageEffects":true,"showParticleSystems":true},"in2DMode":false,"pivot":{"x":0.0,"y":0.1412639617919922,"z":0.15770912170410157},"rotation":{"x":0.2722504138946533,"y":-0.19881664216518403,"z":0.05760135501623154,"w":0.9396989941596985},"size":26.196544647216798,"orthographic":false}