{"cameraMode":{"drawMode":0,"name":"Shaded","section":"Shading Mode"},"sceneLighting":true,"audioPlay":false,"sceneViewState":{"showFog":true,"showMaterialUpdate":false,"showSkybox":false,"showFlares":true,"showImageEffects":true,"showParticleSystems":true},"in2DMode":false,"pivot":{"x":-2.671924591064453,"y":0.4913005828857422,"z":-3.0838193893432619},"rotation":{"x":0.2492978274822235,"y":-0.3987360894680023,"z":0.11357977241277695,"w":0.8751915693283081},"size":26.196544647216798,"orthographic":false}