{"cameraMode":{"drawMode":0,"name":"Shaded","section":"Shading Mode"},"sceneLighting":false,"audioPlay":false,"sceneViewState":{"showFog":true,"showMaterialUpdate":false,"showSkybox":false,"showFlares":true,"showImageEffects":true,"showParticleSystems":true},"in2DMode":false,"pivot":{"x":-2.4606032371520998,"y":-0.2667961120605469,"z":1.428574562072754},"rotation":{"x":0.41325676441192629,"y":-0.13844084739685059,"z":0.06372631341218949,"w":0.8977705836296082},"size":43.32683181762695,"orthographic":false}