{"cameraMode":{"drawMode":0,"name":"Shaded","section":"Shading Mode"},"sceneLighting":true,"audioPlay":false,"sceneViewState":{"showFog":true,"showMaterialUpdate":false,"showSkybox":false,"showFlares":true,"showImageEffects":true,"showParticleSystems":true},"in2DMode":false,"pivot":{"x":263.60498046875,"y":2.970001220703125,"z":245.94500732421876},"rotation":{"x":0.451052725315094,"y":-0.23535563051700593,"z":0.15618064999580384,"w":0.8466208577156067},"size":70.72749328613281,"orthographic":false}