{"cameraMode":{"drawMode":0,"name":"Shaded","section":"Shading Mode"},"sceneLighting":false,"audioPlay":false,"sceneViewState":{"showFog":true,"showMaterialUpdate":true,"showSkybox":true,"showFlares":true,"showImageEffects":true,"showParticleSystems":true},"in2DMode":false,"pivot":{"x":-1.930846095085144,"y":-5.734084606170654,"z":-0.7554111480712891},"rotation":{"x":0.2764762043952942,"y":-0.04898553341627121,"z":0.01411252561956644,"w":0.9596677422523499},"size":18.120174407958986,"orthographic":false}