{"cameraMode":{"drawMode":0,"name":"Shaded","section":"Shading Mode"},"sceneLighting":false,"audioPlay":false,"sceneViewState":{"showFog":true,"showMaterialUpdate":false,"showSkybox":false,"showFlares":true,"showImageEffects":true,"showParticleSystems":true},"in2DMode":false,"pivot":{"x":-0.37341928482055666,"y":0.5363287925720215,"z":-0.019095122814178468},"rotation":{"x":0.363549143075943,"y":-0.6064915657043457,"z":0.3635493516921997,"w":0.6064922213554382},"size":7.919327735900879,"orthographic":false}