{"cameraMode":{"drawMode":0,"name":"Shaded","section":"Shading Mode"},"sceneLighting":true,"audioPlay":false,"sceneViewState":{"showFog":true,"showMaterialUpdate":false,"showSkybox":false,"showFlares":true,"showImageEffects":true,"showParticleSystems":true},"in2DMode":false,"pivot":{"x":-13.31047534942627,"y":43.871116638183597,"z":-14.673879623413086},"rotation":{"x":0.5450212955474854,"y":-0.06524627655744553,"z":0.04259808734059334,"w":0.8347935676574707},"size":512.3018188476563,"orthographic":false}