{"cameraMode":{"drawMode":0,"name":"Shaded","section":"Shading Mode"},"sceneLighting":true,"audioPlay":false,"sceneViewState":{"showFog":true,"showMaterialUpdate":false,"showSkybox":true,"showFlares":true,"showImageEffects":true,"showParticleSystems":true},"in2DMode":false,"pivot":{"x":327.14691162109377,"y":-4.0789794921875,"z":264.8402099609375},"rotation":{"x":0.4466995298862457,"y":-0.1944538652896881,"z":0.10012534260749817,"w":0.8675386905670166},"size":44.92456817626953,"orthographic":false}