{"cameraMode":{"drawMode":0,"name":"Shaded","section":"Shading Mode"},"sceneLighting":false,"audioPlay":false,"sceneViewState":{"showFog":true,"showMaterialUpdate":false,"showSkybox":false,"showFlares":true,"showImageEffects":true,"showParticleSystems":true},"in2DMode":false,"pivot":{"x":-0.1060943603515625,"y":0.14619207382202149,"z":0.21959590911865235},"rotation":{"x":0.2346574068069458,"y":-0.3796444535255432,"z":0.10018090903759003,"w":0.8892537355422974},"size":6.379180908203125,"orthographic":false}