{"cameraMode":{"drawMode":0,"name":"Shaded","section":"Shading Mode"},"sceneLighting":false,"audioPlay":false,"sceneViewState":{"showFog":true,"showMaterialUpdate":false,"showSkybox":true,"showFlares":true,"showImageEffects":true,"showParticleSystems":true},"in2DMode":false,"pivot":{"x":241.27279663085938,"y":-74.59365844726563,"z":330.0552978515625},"rotation":{"x":0.3909136652946472,"y":-0.10457763075828552,"z":0.04476560279726982,"w":0.9133812785148621},"size":165.60287475585938,"orthographic":false}