{"cameraMode":{"drawMode":0,"name":"Shaded","section":"Shading Mode"},"sceneLighting":true,"audioPlay":false,"sceneViewState":{"showFog":true,"showMaterialUpdate":false,"showSkybox":false,"showFlares":true,"showImageEffects":true,"showParticleSystems":true},"in2DMode":false,"pivot":{"x":-23.954435348510743,"y":44.22783660888672,"z":-15.526144027709961},"rotation":{"x":0.5450212955474854,"y":-0.06524627655744553,"z":0.04259808734059334,"w":0.8347935676574707},"size":122.88632202148438,"orthographic":false}