{"cameraMode":{"drawMode":0,"name":"Shaded","section":"Shading Mode"},"sceneLighting":true,"audioPlay":false,"sceneViewState":{"showFog":true,"showMaterialUpdate":false,"showSkybox":true,"showFlares":true,"showImageEffects":true,"showParticleSystems":true},"in2DMode":false,"pivot":{"x":312.0325622558594,"y":-8.815938949584961,"z":261.029296875},"rotation":{"x":-0.43151161074638369,"y":0.15351052582263947,"z":-0.07478165626525879,"w":-0.8857994675636292},"size":53.78860855102539,"orthographic":false}