{"cameraMode":{"drawMode":0,"name":"Shaded","section":"Shading Mode"},"sceneLighting":false,"audioPlay":false,"sceneViewState":{"showFog":true,"showMaterialUpdate":false,"showSkybox":false,"showFlares":true,"showImageEffects":true,"showParticleSystems":true},"in2DMode":false,"pivot":{"x":4.311185836791992,"y":4.611350059509277,"z":-2.2854480743408205},"rotation":{"x":0.39344313740730288,"y":-0.10854688286781311,"z":0.04684247449040413,"w":0.9117158055305481},"size":29.7451114654541,"orthographic":false}