{"cameraMode":{"drawMode":0,"name":"Shaded","section":"Shading Mode"},"sceneLighting":false,"audioPlay":false,"sceneViewState":{"showFog":true,"showMaterialUpdate":false,"showSkybox":false,"showFlares":true,"showImageEffects":true,"showParticleSystems":true},"in2DMode":false,"pivot":{"x":323.7284240722656,"y":6.371773719787598,"z":275.9844665527344},"rotation":{"x":-0.03740960732102394,"y":-0.06590574234724045,"z":-0.0024726218543946745,"w":0.9971215128898621},"size":23.86285400390625,"orthographic":true}