{"cameraMode":{"drawMode":0,"name":"Shaded","section":"Shading Mode"},"sceneLighting":false,"audioPlay":false,"sceneViewState":{"showFog":true,"showMaterialUpdate":false,"showSkybox":false,"showFlares":true,"showImageEffects":true,"showParticleSystems":true},"in2DMode":false,"pivot":{"x":317.3929138183594,"y":-0.8658814430236816,"z":268.92620849609377},"rotation":{"x":0.44771698117256167,"y":-0.10022194683551789,"z":0.05058171600103378,"w":0.8871000409126282},"size":7.2917938232421879,"orthographic":false}