{"cameraMode":{"drawMode":0,"name":"Shaded","section":"Shading Mode"},"sceneLighting":false,"audioPlay":false,"sceneViewState":{"showFog":true,"showMaterialUpdate":false,"showSkybox":false,"showFlares":true,"showImageEffects":true,"showParticleSystems":true},"in2DMode":false,"pivot":{"x":365.24212646484377,"y":5.31738805770874,"z":275.80157470703127},"rotation":{"x":0.4217965304851532,"y":-0.19722811877727509,"z":0.0945434719324112,"w":0.8799158930778503},"size":35.84095001220703,"orthographic":false}