{"cameraMode":{"drawMode":0,"name":"Shaded","section":"Shading Mode"},"sceneLighting":false,"audioPlay":false,"sceneViewState":{"showFog":true,"showMaterialUpdate":false,"showSkybox":false,"showFlares":true,"showImageEffects":true,"showParticleSystems":true},"in2DMode":false,"pivot":{"x":331.1059875488281,"y":1.438334584236145,"z":279.36395263671877},"rotation":{"x":0.5041912794113159,"y":-0.21239671111106873,"z":0.1294923722743988,"w":0.8269897699356079},"size":5.999087810516357,"orthographic":false}