{"cameraMode":{"drawMode":0,"name":"Shaded","section":"Shading Mode"},"sceneLighting":false,"audioPlay":false,"sceneViewState":{"showFog":true,"showMaterialUpdate":false,"showSkybox":false,"showFlares":true,"showImageEffects":true,"showParticleSystems":true},"in2DMode":false,"pivot":{"x":-1.6327974796295167,"y":3.4362545013427736,"z":0.8103513717651367},"rotation":{"x":0.16282349824905396,"y":-0.12982945144176484,"z":0.021618401631712915,"w":0.977837085723877},"size":18.015295028686525,"orthographic":false}