{"cameraMode":{"drawMode":0,"name":"Shaded","section":"Shading Mode"},"sceneLighting":false,"audioPlay":false,"sceneViewState":{"showFog":true,"showMaterialUpdate":false,"showSkybox":false,"showFlares":true,"showImageEffects":true,"showParticleSystems":true},"in2DMode":false,"pivot":{"x":354.93499755859377,"y":2.970001220703125,"z":245.64500427246095},"rotation":{"x":0.15478046238422395,"y":-0.08583515137434006,"z":0.013500001281499863,"w":0.9841207265853882},"size":18.380788803100587,"orthographic":true}