{"cameraMode":{"drawMode":0,"name":"Shaded","section":"Shading Mode"},"sceneLighting":false,"audioPlay":false,"sceneViewState":{"showFog":true,"showMaterialUpdate":false,"showSkybox":false,"showFlares":true,"showImageEffects":true,"showParticleSystems":true},"in2DMode":false,"pivot":{"x":-0.18499994277954102,"y":1.5950000286102296,"z":0.004999995231628418},"rotation":{"x":0.39344313740730288,"y":-0.10854688286781311,"z":0.04684247449040413,"w":0.9117158055305481},"size":10.879323959350586,"orthographic":false}