{"cameraMode":{"drawMode":0,"name":"Shaded","section":"Shading Mode"},"sceneLighting":false,"audioPlay":false,"sceneViewState":{"showFog":true,"showMaterialUpdate":false,"showSkybox":false,"showFlares":true,"showImageEffects":true,"showParticleSystems":true},"in2DMode":false,"pivot":{"x":0.043588459491729739,"y":0.8223192691802979,"z":-0.0015769600868225098},"rotation":{"x":0.2775002717971802,"y":-0.12065055221319199,"z":0.035151250660419467,"w":0.9524714350700378},"size":4.91476583480835,"orthographic":false}