{"cameraMode":{"drawMode":0,"name":"Shaded","section":"Shading Mode"},"sceneLighting":true,"audioPlay":false,"sceneViewState":{"showFog":true,"showMaterialUpdate":false,"showSkybox":true,"showFlares":true,"showImageEffects":true,"showParticleSystems":true},"in2DMode":false,"pivot":{"x":0.5742087364196777,"y":1.5899999141693116,"z":-12.854528427124024},"rotation":{"x":-0.22936604917049409,"y":0.7705011367797852,"z":-0.41177165508270266,"w":-0.42916178703308108},"size":53.756980895996097,"orthographic":false}