{"cameraMode":{"drawMode":0,"name":"Shaded","section":"Shading Mode"},"sceneLighting":true,"audioPlay":false,"sceneViewState":{"showFog":true,"showMaterialUpdate":false,"showSkybox":true,"showFlares":true,"showImageEffects":true,"showParticleSystems":true},"in2DMode":false,"pivot":{"x":54.79997634887695,"y":8.501258850097657,"z":32.930419921875},"rotation":{"x":-0.406836599111557,"y":0.1752547025680542,"z":-0.07984553277492523,"w":-0.8929721117019653},"size":50.4185905456543,"orthographic":false}