{"cameraMode":{"drawMode":0,"name":"Shaded","section":"Shading Mode"},"sceneLighting":true,"audioPlay":false,"sceneViewState":{"showFog":true,"showMaterialUpdate":false,"showSkybox":true,"showFlares":true,"showImageEffects":true,"showParticleSystems":true},"in2DMode":false,"pivot":{"x":24.206008911132814,"y":10.127748489379883,"z":-18.916990280151368},"rotation":{"x":0.42510947585105898,"y":-0.12157566845417023,"z":0.05774101987481117,"w":0.8950821757316589},"size":25.973115921020509,"orthographic":false}