{"cameraMode":{"drawMode":0,"name":"Shaded","section":"Shading Mode"},"sceneLighting":true,"audioPlay":false,"sceneViewState":{"showFog":false,"showMaterialUpdate":false,"showSkybox":false,"showFlares":false,"showImageEffects":false,"showParticleSystems":false},"in2DMode":false,"pivot":{"x":324.2017822265625,"y":-9.206584930419922,"z":265.8141784667969},"rotation":{"x":0.4887116551399231,"y":-0.0938674658536911,"z":0.05298703536391258,"w":0.8657614588737488},"size":70.35970306396485,"orthographic":false}