{"cameraMode":{"drawMode":0,"name":"Shaded","section":"Shading Mode"},"sceneLighting":false,"audioPlay":false,"sceneViewState":{"showFog":true,"showMaterialUpdate":false,"showSkybox":false,"showFlares":true,"showImageEffects":true,"showParticleSystems":true},"in2DMode":false,"pivot":{"x":8.649984359741211,"y":-13.000808715820313,"z":3.644664764404297},"rotation":{"x":-0.46301189064979555,"y":0.07561589032411576,"z":-0.039682041853666309,"w":-0.8822300434112549},"size":191.6555633544922,"orthographic":false}