{"cameraMode":{"drawMode":0,"name":"Shaded","section":"Shading Mode"},"sceneLighting":false,"audioPlay":false,"sceneViewState":{"showFog":true,"showMaterialUpdate":false,"showSkybox":false,"showFlares":true,"showImageEffects":true,"showParticleSystems":true},"in2DMode":false,"pivot":{"x":8.013132095336914,"y":11.037677764892579,"z":-10.590295791625977},"rotation":{"x":0.42770349979400637,"y":-0.12274211645126343,"z":0.05874680355191231,"w":0.8936176896095276},"size":19.56096076965332,"orthographic":false}