{"cameraMode":{"drawMode":0,"name":"Shaded","section":"Shading Mode"},"sceneLighting":true,"audioPlay":false,"sceneViewState":{"showFog":true,"showMaterialUpdate":false,"showSkybox":true,"showFlares":true,"showImageEffects":true,"showParticleSystems":true},"in2DMode":false,"pivot":{"x":33.98793029785156,"y":13.761795043945313,"z":-11.584823608398438},"rotation":{"x":0.42510947585105898,"y":-0.12157566845417023,"z":0.05774101987481117,"w":0.8950821757316589},"size":68.59521484375,"orthographic":false}