{"cameraMode":{"drawMode":0,"name":"Shaded","section":"Shading Mode"},"sceneLighting":false,"audioPlay":false,"sceneViewState":{"showFog":false,"showMaterialUpdate":false,"showSkybox":false,"showFlares":false,"showImageEffects":false,"showParticleSystems":false},"in2DMode":false,"pivot":{"x":302.73675537109377,"y":-8.40306282043457,"z":268.989501953125},"rotation":{"x":0.40797826647758486,"y":0.11590076237916947,"z":-0.05230101943016052,"w":0.9040943384170532},"size":92.9478988647461,"orthographic":false}