{"cameraMode":{"drawMode":0,"name":"Shaded","section":"Shading Mode"},"sceneLighting":false,"audioPlay":false,"sceneViewState":{"showFog":true,"showMaterialUpdate":false,"showSkybox":true,"showFlares":true,"showImageEffects":true,"showParticleSystems":true},"in2DMode":false,"pivot":{"x":18.75872039794922,"y":0.9782752990722656,"z":-11.523908615112305},"rotation":{"x":0.4808216094970703,"y":-0.09564567357301712,"z":0.05286140739917755,"w":0.8699821829795837},"size":58.854576110839847,"orthographic":false}