{"cameraMode":{"drawMode":0,"name":"Shaded","section":"Shading Mode"},"sceneLighting":false,"audioPlay":false,"sceneViewState":{"showFog":true,"showMaterialUpdate":false,"showSkybox":true,"showFlares":true,"showImageEffects":true,"showParticleSystems":true},"in2DMode":false,"pivot":{"x":9.842876434326172,"y":-17.495582580566408,"z":-10.174736022949219},"rotation":{"x":-0.5406754016876221,"y":0.035309236496686938,"z":-0.022720910608768464,"w":-0.8401866555213928},"size":68.00408172607422,"orthographic":false}