{"cameraMode":{"drawMode":0,"name":"Shaded","section":"Shading Mode"},"sceneLighting":false,"audioPlay":false,"sceneViewState":{"showFog":true,"showMaterialUpdate":false,"showSkybox":false,"showFlares":true,"showImageEffects":true,"showParticleSystems":true},"in2DMode":false,"pivot":{"x":25.312841415405275,"y":13.80889892578125,"z":-12.065895080566407},"rotation":{"x":0.41595202684402468,"y":-0.057229720056056979,"z":0.026239654049277307,"w":0.9072054028511047},"size":22.0,"orthographic":false}