{"cameraMode":{"drawMode":0,"name":"Shaded","section":"Shading Mode"},"sceneLighting":false,"audioPlay":false,"sceneViewState":{"showFog":true,"showMaterialUpdate":false,"showSkybox":false,"showFlares":true,"showImageEffects":true,"showParticleSystems":true},"in2DMode":false,"pivot":{"x":-0.5026330947875977,"y":2.83203125,"z":2.7782390117645265},"rotation":{"x":0.48025307059288027,"y":-0.08265406638383866,"z":0.04551953822374344,"w":0.8720406889915466},"size":11.773237228393555,"orthographic":false}