{"cameraMode":{"drawMode":0,"name":"Shaded","section":"Shading Mode"},"sceneLighting":false,"audioPlay":false,"sceneViewState":{"showFog":true,"showMaterialUpdate":false,"showSkybox":false,"showFlares":true,"showImageEffects":true,"showParticleSystems":true},"in2DMode":false,"pivot":{"x":2.11883282661438,"y":-3.980619430541992,"z":0.40175628662109377},"rotation":{"x":-0.34276339411735537,"y":-0.14516474306583405,"z":0.05370036140084267,"w":-0.9265881776809692},"size":43.59881591796875,"orthographic":false}