{"cameraMode":{"drawMode":0,"name":"Shaded","section":"Shading Mode"},"sceneLighting":false,"audioPlay":false,"sceneViewState":{"showFog":true,"showMaterialUpdate":false,"showSkybox":false,"showFlares":true,"showImageEffects":true,"showParticleSystems":true},"in2DMode":false,"pivot":{"x":-4.311570167541504,"y":2.7834320068359377,"z":-8.292255401611329},"rotation":{"x":-0.4213220179080963,"y":0.07494760304689408,"z":-0.03496376797556877,"w":-0.903132438659668},"size":22.112829208374025,"orthographic":false}