{"cameraMode":{"drawMode":0,"name":"Shaded","section":"Shading Mode"},"sceneLighting":false,"audioPlay":false,"sceneViewState":{"showFog":true,"showMaterialUpdate":false,"showSkybox":false,"showFlares":true,"showImageEffects":true,"showParticleSystems":true},"in2DMode":false,"pivot":{"x":0.024736255407333375,"y":0.4868062436580658,"z":0.01515759527683258},"rotation":{"x":0.3466319441795349,"y":0.06605185568332672,"z":-0.0244781244546175,"w":0.93535315990448},"size":7.611907005310059,"orthographic":false}