{"cameraMode":{"drawMode":0,"name":"Shaded","section":"Shading Mode"},"sceneLighting":false,"audioPlay":false,"sceneViewState":{"showFog":true,"showMaterialUpdate":false,"showSkybox":false,"showFlares":true,"showImageEffects":true,"showParticleSystems":true},"in2DMode":false,"pivot":{"x":-15.328929901123047,"y":5.104157447814941,"z":-8.528434753417969},"rotation":{"x":0.48038753867149355,"y":-0.08003763854503632,"z":0.044078510254621509,"w":0.8722847104072571},"size":58.9128532409668,"orthographic":false}