{"cameraMode":{"drawMode":0,"name":"Shaded","section":"Shading Mode"},"sceneLighting":false,"audioPlay":false,"sceneViewState":{"showFog":true,"showMaterialUpdate":false,"showSkybox":false,"showFlares":true,"showImageEffects":true,"showParticleSystems":true},"in2DMode":false,"pivot":{"x":-11.9185791015625,"y":14.223472595214844,"z":-0.5221939086914063},"rotation":{"x":-0.39452144503593447,"y":-0.39511576294898989,"z":0.19321410357952119,"w":-0.8067938089370728},"size":39.05257034301758,"orthographic":false}