{"cameraMode":{"drawMode":0,"name":"Shaded","section":"Shading Mode"},"sceneLighting":false,"audioPlay":false,"sceneViewState":{"showFog":true,"showMaterialUpdate":false,"showSkybox":false,"showFlares":true,"showImageEffects":true,"showParticleSystems":true},"in2DMode":false,"pivot":{"x":1.0247361660003663,"y":0.4868062138557434,"z":0.015157610177993775},"rotation":{"x":-0.2771069407463074,"y":0.013544793240725994,"z":-0.003906888887286186,"w":-0.9607389569282532},"size":9.31656551361084,"orthographic":false}