{"cameraMode":{"drawMode":0,"name":"Shaded","section":"Shading Mode"},"sceneLighting":true,"audioPlay":false,"sceneViewState":{"showFog":true,"showMaterialUpdate":false,"showSkybox":true,"showFlares":true,"showImageEffects":true,"showParticleSystems":true},"in2DMode":false,"pivot":{"x":13.580940246582032,"y":1.6091117858886719,"z":5.1414947509765629},"rotation":{"x":-0.4470379054546356,"y":0.07684919983148575,"z":-0.03858276456594467,"w":-0.8903740644454956},"size":34.871429443359378,"orthographic":false}