{"cameraMode":{"drawMode":0,"name":"Shaded","section":"Shading Mode"},"sceneLighting":true,"audioPlay":false,"sceneViewState":{"showFog":true,"showMaterialUpdate":false,"showSkybox":false,"showFlares":true,"showImageEffects":true,"showParticleSystems":true},"in2DMode":false,"pivot":{"x":44.044769287109378,"y":5.903862953186035,"z":-21.57155418395996},"rotation":{"x":0.5364677309989929,"y":-0.06064598634839058,"z":0.03869256749749184,"w":0.8408492207527161},"size":41.15650177001953,"orthographic":false}