{"cameraMode":{"drawMode":0,"name":"Shaded","section":"Shading Mode"},"sceneLighting":true,"audioPlay":false,"sceneViewState":{"showFog":true,"showMaterialUpdate":false,"showSkybox":true,"showFlares":true,"showImageEffects":true,"showParticleSystems":true},"in2DMode":false,"pivot":{"x":-15.69630241394043,"y":-4.798724174499512,"z":8.71134090423584},"rotation":{"x":-0.37690284848213198,"y":-0.0991954356431961,"z":0.04063684120774269,"w":-0.9200292229652405},"size":32.98903274536133,"orthographic":false}