{"cameraMode":{"drawMode":0,"name":"Shaded","section":"Shading Mode"},"sceneLighting":false,"audioPlay":false,"sceneViewState":{"showFog":true,"showMaterialUpdate":false,"showSkybox":false,"showFlares":true,"showImageEffects":true,"showParticleSystems":true},"in2DMode":false,"pivot":{"x":31.276817321777345,"y":0.8706398010253906,"z":-10.674564361572266},"rotation":{"x":-0.4213220179080963,"y":0.07494760304689408,"z":-0.03496376797556877,"w":-0.903132438659668},"size":31.239608764648439,"orthographic":false}