{"cameraMode":{"drawMode":0,"name":"Shaded","section":"Shading Mode"},"sceneLighting":false,"audioPlay":false,"sceneViewState":{"showFog":false,"showMaterialUpdate":false,"showSkybox":false,"showFlares":false,"showImageEffects":false,"showParticleSystems":false},"in2DMode":false,"pivot":{"x":310.7125244140625,"y":2.0478858947753908,"z":257.9769287109375},"rotation":{"x":0.44315239787101748,"y":-0.12963183224201203,"z":0.06493750959634781,"w":0.8846441507339478},"size":56.90420913696289,"orthographic":false}