{"cameraMode":{"drawMode":0,"name":"Shaded","section":"Shading Mode"},"sceneLighting":false,"audioPlay":false,"sceneViewState":{"showFog":true,"showMaterialUpdate":false,"showSkybox":false,"showFlares":true,"showImageEffects":true,"showParticleSystems":true},"in2DMode":false,"pivot":{"x":0.0,"y":8.215953826904297,"z":1.1999998092651368},"rotation":{"x":0.3890475332736969,"y":-0.1373843401670456,"z":0.05879877507686615,"w":0.9090161919593811},"size":46.905799865722659,"orthographic":false}