{"cameraMode":{"drawMode":0,"name":"Shaded","section":"Shading Mode"},"sceneLighting":false,"audioPlay":false,"sceneViewState":{"showFog":true,"showMaterialUpdate":false,"showSkybox":false,"showFlares":true,"showImageEffects":true,"showParticleSystems":true},"in2DMode":false,"pivot":{"x":8.95300006866455,"y":8.267919540405274,"z":-3.487091064453125},"rotation":{"x":0.4808216094970703,"y":-0.09564567357301712,"z":0.05286140739917755,"w":0.8699821829795837},"size":25.936771392822267,"orthographic":false}