{"cameraMode":{"drawMode":0,"name":"Shaded","section":"Shading Mode"},"sceneLighting":true,"audioPlay":false,"sceneViewState":{"showFog":true,"showMaterialUpdate":false,"showSkybox":true,"showFlares":true,"showImageEffects":true,"showParticleSystems":true},"in2DMode":false,"pivot":{"x":19.812530517578126,"y":-2.366870880126953,"z":-5.876445770263672},"rotation":{"x":-0.4213220179080963,"y":0.07494760304689408,"z":-0.03496376797556877,"w":-0.903132438659668},"size":82.12272644042969,"orthographic":false}