{"cameraMode":{"drawMode":0,"name":"Shaded","section":"Shading Mode"},"sceneLighting":false,"audioPlay":false,"sceneViewState":{"showFog":true,"showMaterialUpdate":false,"showSkybox":false,"showFlares":true,"showImageEffects":true,"showParticleSystems":true},"in2DMode":false,"pivot":{"x":-0.17058609426021577,"y":2.3700671195983888,"z":-9.763335227966309},"rotation":{"x":-0.4213220179080963,"y":0.07494760304689408,"z":-0.03496376797556877,"w":-0.903132438659668},"size":47.96078872680664,"orthographic":false}