{"cameraMode":{"drawMode":0,"name":"Shaded","section":"Shading Mode"},"sceneLighting":false,"audioPlay":false,"sceneViewState":{"showFog":true,"showMaterialUpdate":false,"showSkybox":false,"showFlares":true,"showImageEffects":true,"showParticleSystems":true},"in2DMode":false,"pivot":{"x":17.559999465942384,"y":3.136077642440796,"z":-2.9934544563293459},"rotation":{"x":-0.36484649777412417,"y":-0.30996760725975039,"z":0.130253866314888,"w":-0.8682429790496826},"size":20.80846405029297,"orthographic":false}