{"cameraMode":{"drawMode":0,"name":"Shaded","section":"Shading Mode"},"sceneLighting":true,"audioPlay":false,"sceneViewState":{"showFog":true,"showMaterialUpdate":false,"showSkybox":true,"showFlares":true,"showImageEffects":true,"showParticleSystems":true},"in2DMode":false,"pivot":{"x":25.355661392211915,"y":14.204556465148926,"z":-12.403961181640625},"rotation":{"x":0.41595202684402468,"y":-0.057229720056056979,"z":0.026239654049277307,"w":0.9072054028511047},"size":104.78103637695313,"orthographic":false}