{"cameraMode":{"drawMode":0,"name":"Shaded","section":"Shading Mode"},"sceneLighting":true,"audioPlay":false,"sceneViewState":{"showFog":true,"showMaterialUpdate":false,"showSkybox":true,"showFlares":true,"showImageEffects":true,"showParticleSystems":true},"in2DMode":false,"pivot":{"x":25.61221694946289,"y":7.960807800292969,"z":-11.073497772216797},"rotation":{"x":0.4380987584590912,"y":-0.0793769508600235,"z":0.038873299956321719,"w":0.894571840763092},"size":125.92552947998047,"orthographic":false}