{"cameraMode":{"drawMode":0,"name":"Shaded","section":"Shading Mode"},"sceneLighting":false,"audioPlay":false,"sceneViewState":{"showFog":true,"showMaterialUpdate":false,"showSkybox":false,"showFlares":true,"showImageEffects":true,"showParticleSystems":true},"in2DMode":false,"pivot":{"x":0.07420879602432251,"y":1.5899999141693116,"z":0.045472800731658939},"rotation":{"x":0.3466319441795349,"y":0.06605185568332672,"z":-0.0244781244546175,"w":0.93535315990448},"size":33.05509948730469,"orthographic":false}