{"cameraMode":{"drawMode":0,"name":"Shaded","section":"Shading Mode"},"sceneLighting":false,"audioPlay":false,"sceneViewState":{"showFog":true,"showMaterialUpdate":false,"showSkybox":false,"showFlares":true,"showImageEffects":true,"showParticleSystems":true},"in2DMode":false,"pivot":{"x":329.4234619140625,"y":1.4847108125686646,"z":267.202880859375},"rotation":{"x":0.4887116551399231,"y":-0.0938674658536911,"z":0.05298703536391258,"w":0.8657614588737488},"size":101.31853485107422,"orthographic":false}