{"cameraMode":{"drawMode":0,"name":"Shaded","section":"Shading Mode"},"sceneLighting":false,"audioPlay":false,"sceneViewState":{"showFog":true,"showMaterialUpdate":false,"showSkybox":false,"showFlares":true,"showImageEffects":true,"showParticleSystems":true},"in2DMode":false,"pivot":{"x":25.489999771118165,"y":4.2939558029174809,"z":-7.0199995040893559},"rotation":{"x":0.4808216094970703,"y":-0.09564567357301712,"z":0.05286140739917755,"w":0.8699821829795837},"size":29.492366790771486,"orthographic":false}