{"cameraMode":{"drawMode":0,"name":"Shaded","section":"Shading Mode"},"sceneLighting":true,"audioPlay":false,"sceneViewState":{"showFog":true,"showMaterialUpdate":false,"showSkybox":true,"showFlares":true,"showImageEffects":true,"showParticleSystems":true},"in2DMode":false,"pivot":{"x":31.469079971313478,"y":35.242759704589847,"z":-17.131689071655275},"rotation":{"x":0.5365251898765564,"y":-0.05938464403152466,"z":0.0378878228366375,"w":0.8409392237663269},"size":17.362653732299806,"orthographic":false}